Popularité,Prénom,Sexe
179288,Aurélie,F
301479,Madeleine,F
207417,Annie,F
376971,Gérard,M
163405,Raymonde,F
177770,Laurence,F
397176,François,M
172614,Gilles,M
261089,Louise,F
210919,Jean-Pierre,M
275201,Thomas,M
209552,Germaine,F
238135,Charles,M
131915,Arnaud,M
324812,Laurent,M
268061,Marguerite,F
205563,Patricia,F
218055,Simone,F
216518,Serge,M
176217,Gabriel,M
201613,Yvette,F
211808,Paulette,F
217323,Bruno,M
315372,Eric,M
296931,Alexandre,M
171787,Colette,F
399542,Françoise,F
130876,Laetitia,F
194100,Léa,F
228879,Vincent,M
391564,Catherine,F
317495,Martine,F
417063,Robert,M
818000,Michel,M
514678,René,M
131207,Raphaël,M
190796,Odette,F
198412,Camille,F
149311,Mathieu,M
234396,Didier,M
335202,Maurice,M
242192,Sophie,F
277488,Christine,F
480093,Jacques,M
402177,Georges,M
154256,Christelle,F
230206,Chantal,F
279579,Hélène,F
143723,Alexis,M
155876,Claudine,F
2233039,Marie,F
465462,Marcel,M
168434,Virginie,F
234472,Céline,F
132654,Cedric,M
515951,Louis,M
214007,Andrée,F
309971,David,M
146776,Benjamin,M
709651,André,M
189974,Alice,F
201449,Albert,M
287595,Thierry,M
188441,Romain,M
466929,Bernard,M
301373,Sébastien,M
140183,Audrey,F
421892,Roger,M
135011,Maria,F
890615,Pierre,M
374080,Isabelle,F
409037,Claude,M
135809,Patrice,M
341543,Julien,M
219623,Guillaume,M
160205,Juliette,F
132724,Adrien,M
136298,Hervé,M
165264,Sarah,F
128715,Nadine,F
234788,Marc,M
154632,Elodie,F
165891,Dominique,F
178075,Gilbert,M
370336,Jacqueline,F
216901,Jeannine,F
362888,Anne,F
134714,Gisèle,F
553550,Jeanne,F
261605,Denise,F
132787,Fabrice,M
270881,Raymond,M
211428,Julie,F
179604,Jerome,M
150253,Jules,M
183954,Geneviève,F
145681,Chloé,F
145167,Laura,F
1915454,Jean,M
238964,Sandrine,F
227973,Marcelle,F
130163,Ginette,F
200482,Lucie,F
151537,Georgette,F
402081,Henri,M
129432,Roland,M
211819,Lucien,M
275880,Olivier,M
504098,Alain,M
152432,Josette,F
161257,Corinne,F
153440,Caroline,F
162874,Francis,M
273963,Antoine,M
173304,Thérèse,F
138736,Mathilde,F
170741,Jean-Claude,M
238613,Dominique,M
155502,Danielle,F
127787,Béatrice,F
131510,Sylvain,M
415062,Paul,M
143612,Joël,M
189403,Emilie,F
129423,Annick,F
169146,Lucienne,F
143330,Charlotte,F
127377,Mireille,F
535119,Philippe,M
138985,Bernadette,F
304421,Pascal,M
162065,Emile,M
177439,Michèle,F
290961,Nicole,F
249924,Valérie,F
397821,Monique,F
431858,Daniel,M
373481,Christophe,M
151159,Emma,F
156517,Claire,F
379687,Nathalie,F
402377,Christian,M
323932,Frédéric,M
226684,Yves,M
149061,Denis,M
171894,Anthony,M
131044,Emmanuel,M
255357,Yvonne,F
174846,Franck,M
305243,Stéphane,M
233275,Véronique,F
263316,Guy,M
401593,Nicolas,M
165942,Clément,M
167481,Lucas,M
144541,Florence,F
158276,Elisabeth,F
151553,Kevin,M
257428,Christiane,F
199848,Brigitte,F
220449,Renée,F
235999,Stéphanie,F
130256,Mélanie,F
285611,Suzanne,F
392933,Patrick,M
214924,Maxime,M
165939,Manon,F
372070,Joseph,M
361421,Sylvie,F
137655,Hugo,M
174882,Cécile,F
153254,Pauline,F
